{"train_loss": [0.6891795397741258, 0.4991621646915622, 0.4281716762507044, 0.36368625318939124, 0.2974352086834404, 0.3079087612555798, 0.2691508191656492, 0.22553285723710176, 0.21375567634538706, 0.18734568371591287, 0.17685319010612616, 0.20294623004375112, 0.1755210790294436, 0.1631647078271682, 0.16025183349044636, 0.16470934619631517, 0.17163546212282407, 0.16144385118139992, 0.1798887298550081, 0.17709792434964158, 0.1702657332437523, 0.16801245250405933, 0.1592286222576326, 0.16957824604867727, 0.17404115439213197], "val_loss": [0.2717506757820105, 0.15529091423502625, 0.2940548790132678, 0.15020436418251568, 0.15461828262213986, 0.1628157318360284, 0.10228500426711026, 0.10316934422072882, 0.10933199861116359, 0.11028816777248603, 0.08616724703066765, 0.10006016562617683, 0.11629491457202681, 0.0908548804714717, 0.10054425266527511, 0.0866132118574909, 0.08368532063156765, 0.09277987313673133, 0.09265742315697362, 0.08894900672447109, 0.08776088229837092, 0.08049156346284847, 0.09107426344207546, 0.09416808701336116, 0.08449723766740282], "train_acc": [0.7618348598480225, 0.8425688147544861, 0.8671559691429138, 0.8895412683486938, 0.9056880474090576, 0.9005504846572876, 0.9075229167938232, 0.9343119263648987, 0.938348650932312, 0.9372476935386658, 0.9394495487213135, 0.9387155771255493, 0.9456880688667297, 0.9482569098472595, 0.9515596628189087, 0.9438531994819641, 0.9500917196273804, 0.9497247934341431, 0.9442201852798462, 0.9442201852798462, 0.9478899240493774, 0.949357807636261, 0.9486238360404968, 0.9533944725990295, 0.9427523016929626], "val_acc": [0.9087779521942139, 0.9363166689872742, 0.9036144614219666, 0.9363166689872742, 0.9397590160369873, 0.9397590160369873, 0.9586918950080872, 0.956970751285553, 0.955249547958374, 0.9518072009086609, 0.9655765891075134, 0.956970751285553, 0.955249547958374, 0.9638554453849792, 0.9586918950080872, 0.9655765891075134, 0.9690189361572266, 0.9621342420578003, 0.9638554453849792, 0.9638554453849792, 0.9621342420578003, 0.9621342420578003, 0.9586918950080872, 0.9638554453849792, 0.9638554453849792], "train_confusion_matrix": [[1225, 0, 1, 1, 9], [0, 610, 2, 2, 34], [0, 0, 144, 0, 0], [4, 3, 1, 362, 0], [8, 23, 9, 0, 287]], "val_confusion_matrix": [[264, 0, 0, 0, 0], [0, 131, 2, 0, 5], [0, 0, 30, 0, 0], [0, 0, 0, 79, 0], [1, 7, 3, 0, 59]], "test_confusion_matrix": [[265, 0, 0, 0, 1], [0, 129, 1, 0, 10], [0, 1, 31, 0, 0], [0, 0, 0, 80, 0], [0, 5, 0, 0, 66]], "test_acc": 0.969439728353141}